[Header],,,,,,,,,,
IEMFileVersion,4,,,,,,,,,
Investigator Name,Knight,,,,,,,,,
Experiment Name,RKL_experiment,,,,,,,,,
Date,6/10/22,,,,,,,,,
Workflow,GenerateFASTQ,,,,,,,,,
Application,FASTQ Only,,,,,,,,,
Assay,Metagenomics,,,,,,,,,
Description,,,,,,,,,,
Chemistry,Default,,,,,,,,,
,,,,,,,,,,
[Reads],,,,,,,,,,
151,,,,,,,,,,
151,,,,,,,,,,
,,,,,,,,,,
[Settings],,,,,,,,,,
ReverseComplement,0,,,,,,,,,
,,,,,,,,,,
[Data],,,,,,,,,,
Sample_ID,Sample_Name,Sample_Plate,Sample_Well,I7_Index_ID,index,I5_Index_ID,index2,Sample_Project,Well_description,Lane
katharo5_2speciesmock_1A_50million_prev,katharo5.2speciesmock.1A.50million.prev,PLUS_Urobiome_Validation_vaginal_plate5_14385,A1,iTru7_113_05,ACATTGCG,iTru5_01_A,TTGTCGGT,PLUS_Urobiome_Validation_vaginal_plate5_14385,katharo5.2speciesmock.1A.50million.prev,1
katharo5_2speciesmock_1B_5million_prev,katharo5.2speciesmock.1B.5million.prev,PLUS_Urobiome_Validation_vaginal_plate5_14385,C1,iTru7_113_06,TGATCGGA,iTru5_02_A,TTGCGAAG,PLUS_Urobiome_Validation_vaginal_plate5_14385,katharo5.2speciesmock.1B.5million.prev,1
katharo5_2speciesmock_1C_500thousand_prev,katharo5.2speciesmock.1C.500thousand.prev,PLUS_Urobiome_Validation_vaginal_plate5_14385,E1,iTru7_113_07,AAGTGTCG,iTru5_03_A,GTGGTGTT,PLUS_Urobiome_Validation_vaginal_plate5_14385,katharo5.2speciesmock.1C.500thousand.prev,1
katharo5_2speciesmock_1D_50thousand_prev,katharo5.2speciesmock.1D.50thousand.prev,PLUS_Urobiome_Validation_vaginal_plate5_14385,G1,iTru7_113_08,GAACGCTT,iTru5_04_A,GAGATACG,PLUS_Urobiome_Validation_vaginal_plate5_14385,katharo5.2speciesmock.1D.50thousand.prev,1
katharo5_2speciesmock_1E_5thousand_prev,katharo5.2speciesmock.1E.5thousand.prev,PLUS_Urobiome_Validation_vaginal_plate5_14385,I1,iTru7_113_09,TCAAGGAC,iTru5_05_A,TTCGTACC,PLUS_Urobiome_Validation_vaginal_plate5_14385,katharo5.2speciesmock.1E.5thousand.prev,1
katharo5_2speciesmock_1F_5hundred_prev,katharo5.2speciesmock.1F.5hundred.prev,PLUS_Urobiome_Validation_vaginal_plate5_14385,K1,iTru7_113_10,TCAACTGG,iTru5_06_A,ATCGATCG,PLUS_Urobiome_Validation_vaginal_plate5_14385,katharo5.2speciesmock.1F.5hundred.prev,1
katharo5_2speciesmock_1G_50_preva,katharo5.2speciesmock.1G.50.preva,PLUS_Urobiome_Validation_vaginal_plate5_14385,M1,iTru7_113_11,GGTTGATG,iTru5_07_A,GGTGTCTT,PLUS_Urobiome_Validation_vaginal_plate5_14385,katharo5.2speciesmock.1G.50.prev,1
katharo5_2speciesmock_1H_5_prev,katharo5.2speciesmock.1H.5.prev,PLUS_Urobiome_Validation_vaginal_plate5_14385,O1,iTru7_113_12,AAGGACAC,iTru5_08_A,AGCAGATG,PLUS_Urobiome_Validation_vaginal_plate5_14385,katharo5.2speciesmock.1H.5.prev,1
katharo5_2speciesmock_1A_50million_new,katharo5.2speciesmock.1A.50million.new,PLUS_Urobiome_Validation_vaginal_plate5_14385,A2,iTru7_114_01,TTGATCCG,iTru5_09_A,TCTGAGAG,PLUS_Urobiome_Validation_vaginal_plate5_14385,katharo5.2speciesmock.1A.50million.new,1
katharo5_2speciesmock_1B_5million_new,katharo5.2speciesmock.1B.5million.new,PLUS_Urobiome_Validation_vaginal_plate5_14385,C2,iTru7_114_02,GGTGATTC,iTru5_10_A,TCAGACGA,PLUS_Urobiome_Validation_vaginal_plate5_14385,katharo5.2speciesmock.1B.5million.new,1
katharo5_2speciesmock_1C_500thousand_new,katharo5.2speciesmock.1C.500thousand.new,PLUS_Urobiome_Validation_vaginal_plate5_14385,E2,iTru7_114_03,GATTGCTC,iTru5_11_A,GGCTATTG,PLUS_Urobiome_Validation_vaginal_plate5_14385,katharo5.2speciesmock.1C.500thousand.new,1
katharo5_2speciesmock_1D_50thousand_new,katharo5.2speciesmock.1D.50thousand.new,PLUS_Urobiome_Validation_vaginal_plate5_14385,G2,iTru7_114_04,ACCTGGAA,iTru5_12_A,GACGAATG,PLUS_Urobiome_Validation_vaginal_plate5_14385,katharo5.2speciesmock.1D.50thousand.new,1
katharo5_2speciesmock_1E_5thousand_new,katharo5.2speciesmock.1E.5thousand.new,PLUS_Urobiome_Validation_vaginal_plate5_14385,I2,iTru7_114_05,CATCTACG,iTru5_01_B,TTGCCACT,PLUS_Urobiome_Validation_vaginal_plate5_14385,katharo5.2speciesmock.1E.5thousand.new,1
katharo5_2speciesmock_1F_5hundred_new,katharo5.2speciesmock.1F.5hundred.new,PLUS_Urobiome_Validation_vaginal_plate5_14385,K2,iTru7_114_06,CCGTATCT,iTru5_02_B,CATACCAC,PLUS_Urobiome_Validation_vaginal_plate5_14385,katharo5.2speciesmock.1F.5hundred.new,1
katharo5_2speciesmock_1G_50_new,katharo5.2speciesmock.1G.50.new,PLUS_Urobiome_Validation_vaginal_plate5_14385,M2,iTru7_114_07,CGGAATAC,iTru5_03_B,ACAGCTCA,PLUS_Urobiome_Validation_vaginal_plate5_14385,katharo5.2speciesmock.1G.50.new,1
katharo5_2speciesmock_1H_5_new,katharo5.2speciesmock.1H.5.new,PLUS_Urobiome_Validation_vaginal_plate5_14385,O2,iTru7_114_08,CTCCTAGA,iTru5_04_B,TCTTGACG,PLUS_Urobiome_Validation_vaginal_plate5_14385,katharo5.2speciesmock.1H.5.new,1
L_AssayAssure_20C_vaginalswab_1,L.AssayAssure.20C.vaginalswab.1,PLUS_Urobiome_Validation_vaginal_plate5_14385,A3,iTru7_114_09,TGGTAGCT,iTru5_05_B,CGATGCTT,PLUS_Urobiome_Validation_vaginal_plate5_14385,L.AssayAssure.20C.vaginalswab.1,1
L_AssayAssure_20C_vaginalswab_2,L.AssayAssure.20C.vaginalswab.2,PLUS_Urobiome_Validation_vaginal_plate5_14385,C3,iTru7_114_10,TCGAAGGT,iTru5_06_B,CTGGAGTA,PLUS_Urobiome_Validation_vaginal_plate5_14385,L.AssayAssure.20C.vaginalswab.2,1
L_EtOH_20C_vaginalswab_1,L.EtOH.20C.vaginalswab.1,PLUS_Urobiome_Validation_vaginal_plate5_14385,E3,iTru7_114_11,ACATAGGC,iTru5_07_B,CAGGTATC,PLUS_Urobiome_Validation_vaginal_plate5_14385,L.EtOH.20C.vaginalswab.1,1
L_EtOH_20C_vaginalswab_2,L.EtOH.20C.vaginalswab.2,PLUS_Urobiome_Validation_vaginal_plate5_14385,G3,iTru7_114_12,CTCAGAGT,iTru5_08_B,GAAGAGGT,PLUS_Urobiome_Validation_vaginal_plate5_14385,L.EtOH.20C.vaginalswab.2,1
M_None_20C_vaginalswab_1,M.None.20C.vaginalswab.1,PLUS_Urobiome_Validation_vaginal_plate5_14385,I3,iTru7_201_01,CTTGGATG,iTru5_09_B,AAGTCCGT,PLUS_Urobiome_Validation_vaginal_plate5_14385,M.None.20C.vaginalswab.1,1
M_None_20C_vaginalswab_2,M.None.20C.vaginalswab.2,PLUS_Urobiome_Validation_vaginal_plate5_14385,K3,iTru7_201_02,CAGTTGGA,iTru5_10_B,CACACATG,PLUS_Urobiome_Validation_vaginal_plate5_14385,M.None.20C.vaginalswab.2,1
M_AssayAssure_20C_vaginalswab_1,M.AssayAssure.20C.vaginalswab.1,PLUS_Urobiome_Validation_vaginal_plate5_14385,M3,iTru7_201_03,GATAGGCT,iTru5_11_B,TTGAGGCA,PLUS_Urobiome_Validation_vaginal_plate5_14385,M.AssayAssure.20C.vaginalswab.1,1
M_AssayAssure_20C_vaginalswab_2,M.AssayAssure.20C.vaginalswab.2,PLUS_Urobiome_Validation_vaginal_plate5_14385,O3,iTru7_201_04,TTGACAGG,iTru5_12_B,GGTCAGAT,PLUS_Urobiome_Validation_vaginal_plate5_14385,M.AssayAssure.20C.vaginalswab.2,1
O_None_20C_vaginalswab_1,O.None.20C.vaginalswab.1,PLUS_Urobiome_Validation_vaginal_plate5_14385,A4,iTru7_201_05,AGAATGCC,iTru5_01_C,AGTCTGTG,PLUS_Urobiome_Validation_vaginal_plate5_14385,O.None.20C.vaginalswab.1,1
O_None_20C_vaginalswab_2,O.None.20C.vaginalswab.2,PLUS_Urobiome_Validation_vaginal_plate5_14385,C4,iTru7_201_06,CTACATCC,iTru5_02_C,CTACAGTG,PLUS_Urobiome_Validation_vaginal_plate5_14385,O.None.20C.vaginalswab.2,1
O_AssayAssure_20C_vaginalswab_1,O.AssayAssure.20C.vaginalswab.1,PLUS_Urobiome_Validation_vaginal_plate5_14385,E4,iTru7_201_07,TCATGGTG,iTru5_03_C,TTCCTGTG,PLUS_Urobiome_Validation_vaginal_plate5_14385,O.AssayAssure.20C.vaginalswab.1,1
O_AssayAssure_20C_vaginalswab_2,O.AssayAssure.20C.vaginalswab.2,PLUS_Urobiome_Validation_vaginal_plate5_14385,G4,iTru7_201_08,TACACGCT,iTru5_04_C,GTTCATGG,PLUS_Urobiome_Validation_vaginal_plate5_14385,O.AssayAssure.20C.vaginalswab.2,1
O_EtOH_20C_vaginalswab_1,O.EtOH.20C.vaginalswab.1,PLUS_Urobiome_Validation_vaginal_plate5_14385,I4,iTru7_201_09,TACGGTTG,iTru5_05_C,GTATTGGC,PLUS_Urobiome_Validation_vaginal_plate5_14385,O.EtOH.20C.vaginalswab.1,1
O_EtOH_20C_vaginalswab_2,O.EtOH.20C.vaginalswab.2,PLUS_Urobiome_Validation_vaginal_plate5_14385,K4,iTru7_201_10,GGATACCA,iTru5_06_C,TGGTAGCT,PLUS_Urobiome_Validation_vaginal_plate5_14385,O.EtOH.20C.vaginalswab.2,1
P_None_20C_vaginalswab_1,P.None.20C.vaginalswab.1,PLUS_Urobiome_Validation_vaginal_plate5_14385,M4,iTru7_201_11,TCGACATC,iTru5_07_C,GTTCGGTT,PLUS_Urobiome_Validation_vaginal_plate5_14385,P.None.20C.vaginalswab.1,1
P_None_20C_vaginalswab_2,P.None.20C.vaginalswab.2,PLUS_Urobiome_Validation_vaginal_plate5_14385,O4,iTru7_201_12,GTTGTAGC,iTru5_08_C,GTTGCGAT,PLUS_Urobiome_Validation_vaginal_plate5_14385,P.None.20C.vaginalswab.2,1
Q_EtOH_20C_vaginalswab_1,Q.EtOH.20C.vaginalswab.1,PLUS_Urobiome_Validation_vaginal_plate5_14385,A5,iTru7_202_01,ATACGACC,iTru5_09_C,ACAGCAAC,PLUS_Urobiome_Validation_vaginal_plate5_14385,Q.EtOH.20C.vaginalswab.1,1
Q_EtOH_20C_vaginalswab_2,Q.EtOH.20C.vaginalswab.2,PLUS_Urobiome_Validation_vaginal_plate5_14385,C5,iTru7_202_02,TTCCAAGG,iTru5_10_C,GGACTAGA,PLUS_Urobiome_Validation_vaginal_plate5_14385,Q.EtOH.20C.vaginalswab.2,1
R_None_20C_vaginalswab_1,R.None.20C.vaginalswab.1,PLUS_Urobiome_Validation_vaginal_plate5_14385,E5,iTru7_202_03,TTGCAGAC,iTru5_11_C,AGTTCGTC,PLUS_Urobiome_Validation_vaginal_plate5_14385,R.None.20C.vaginalswab.1,1
R_None_20C_vaginalswab_2,R.None.20C.vaginalswab.2,PLUS_Urobiome_Validation_vaginal_plate5_14385,G5,iTru7_202_04,TGCCATTC,iTru5_12_C,CGTACGAA,PLUS_Urobiome_Validation_vaginal_plate5_14385,R.None.20C.vaginalswab.2,1
R_AssayAssure_20C_vaginalswab_1,R.AssayAssure.20C.vaginalswab.1,PLUS_Urobiome_Validation_vaginal_plate5_14385,I5,iTru7_202_05,GATGTGTG,iTru5_01_D,AAGTGTCG,PLUS_Urobiome_Validation_vaginal_plate5_14385,R.AssayAssure.20C.vaginalswab.1,1
R_AssayAssure_20C_vaginalswab_2,R.AssayAssure.20C.vaginalswab.2,PLUS_Urobiome_Validation_vaginal_plate5_14385,K5,iTru7_202_06,ACTCTCGA,iTru5_02_D,TAGCGTCT,PLUS_Urobiome_Validation_vaginal_plate5_14385,R.AssayAssure.20C.vaginalswab.2,1
R_EtOH_20C_vaginalswab_1,R.EtOH.20C.vaginalswab.1,PLUS_Urobiome_Validation_vaginal_plate5_14385,M5,iTru7_202_07,GAGTCTCT,iTru5_03_D,GGTTGTCA,PLUS_Urobiome_Validation_vaginal_plate5_14385,R.EtOH.20C.vaginalswab.1,1
R_EtOH_20C_vaginalswab_2,R.EtOH.20C.vaginalswab.2,PLUS_Urobiome_Validation_vaginal_plate5_14385,O5,iTru7_202_08,CAACACCT,iTru5_04_D,GAAGTACC,PLUS_Urobiome_Validation_vaginal_plate5_14385,R.EtOH.20C.vaginalswab.2,1
T_AssayAssure_20C_vaginalswab_1,T.AssayAssure.20C.vaginalswab.1,PLUS_Urobiome_Validation_vaginal_plate5_14385,A6,iTru7_202_09,CAGTCTTC,iTru5_05_D,GCATACAG,PLUS_Urobiome_Validation_vaginal_plate5_14385,T.AssayAssure.20C.vaginalswab.1,1
T_AssayAssure_20C_vaginalswab_2,T.AssayAssure.20C.vaginalswab.2,PLUS_Urobiome_Validation_vaginal_plate5_14385,C6,iTru7_202_10,GGACTGTT,iTru5_06_D,CTTGTCGA,PLUS_Urobiome_Validation_vaginal_plate5_14385,T.AssayAssure.20C.vaginalswab.2,1
T_EtOH_20C_vaginalswab_1,T.EtOH.20C.vaginalswab.1,PLUS_Urobiome_Validation_vaginal_plate5_14385,E6,iTru7_202_11,CTTAGTGG,iTru5_07_D,GATTCAGC,PLUS_Urobiome_Validation_vaginal_plate5_14385,T.EtOH.20C.vaginalswab.1,1
T_EtOH_20C_vaginalswab_2,T.EtOH.20C.vaginalswab.2,PLUS_Urobiome_Validation_vaginal_plate5_14385,G6,iTru7_202_12,ATTGCGTG,iTru5_08_D,GCACAACT,PLUS_Urobiome_Validation_vaginal_plate5_14385,T.EtOH.20C.vaginalswab.2,1
BLANK_None_20C_BLANK_1,BLANK.None.20C.BLANK.1,PLUS_Urobiome_Validation_vaginal_plate5_14385,I6,iTru7_203_01,GTAACGAC,iTru5_09_D,AGTCGACA,PLUS_Urobiome_Validation_vaginal_plate5_14385,BLANK.None.20C.BLANK.1,1
BLANK_None_20C_BLANK_2,BLANK.None.20C.BLANK.2,PLUS_Urobiome_Validation_vaginal_plate5_14385,K6,iTru7_203_02,CTTGCTGT,iTru5_10_D,AGAGCCTT,PLUS_Urobiome_Validation_vaginal_plate5_14385,BLANK.None.20C.BLANK.2,1
BLANK_AssayAssure_20C_BLANK_1,BLANK.AssayAssure.20C.BLANK.1,PLUS_Urobiome_Validation_vaginal_plate5_14385,M6,iTru7_203_03,GTTGTTCG,iTru5_11_D,CTGTTAGG,PLUS_Urobiome_Validation_vaginal_plate5_14385,BLANK.AssayAssure.20C.BLANK.1,1
BLANK_AssayAssure_20C_BLANK_2,BLANK.AssayAssure.20C.BLANK.2,PLUS_Urobiome_Validation_vaginal_plate5_14385,O6,iTru7_203_04,CGTTGAGT,iTru5_12_D,CTCGTCTT,PLUS_Urobiome_Validation_vaginal_plate5_14385,BLANK.AssayAssure.20C.BLANK.2,1
katharo5_Zymo_2A_50million,katharo5.Zymo.2A.50million,PLUS_Urobiome_Validation_vaginal_plate5_14385,B1,iTru7_203_05,TCGAACCA,iTru5_01_E,CACAAGTC,PLUS_Urobiome_Validation_vaginal_plate5_14385,katharo5.Zymo.2A.50million,1
katharo5_Zymo_2B_5million,katharo5.Zymo.2B.5million,PLUS_Urobiome_Validation_vaginal_plate5_14385,D1,iTru7_203_06,AGACCGTA,iTru5_02_E,TGGAGTTG,PLUS_Urobiome_Validation_vaginal_plate5_14385,katharo5.Zymo.2B.5million,1
katharo5_Zymo_2C_500thousand,katharo5.Zymo.2C.500thousand,PLUS_Urobiome_Validation_vaginal_plate5_14385,F1,iTru7_203_07,CAGAGTGT,iTru5_03_E,ACGGAACA,PLUS_Urobiome_Validation_vaginal_plate5_14385,katharo5.Zymo.2C.500thousand,1
katharo5_Zymo_2D_50thousand,katharo5.Zymo.2D.50thousand,PLUS_Urobiome_Validation_vaginal_plate5_14385,H1,iTru7_203_08,GACAAGAG,iTru5_04_E,ATAGCGGT,PLUS_Urobiome_Validation_vaginal_plate5_14385,katharo5.Zymo.2D.50thousand,1
katharo5_Zymo_2E_5thousand,katharo5.Zymo.2E.5thousand,PLUS_Urobiome_Validation_vaginal_plate5_14385,J1,iTru7_203_09,GAACACAC,iTru5_05_E,GTCCTAAG,PLUS_Urobiome_Validation_vaginal_plate5_14385,katharo5.Zymo.2E.5thousand,1
katharo5_Zymo_2F_5hundred,katharo5.Zymo.2F.5hundred,PLUS_Urobiome_Validation_vaginal_plate5_14385,L1,iTru7_203_10,GCTTAGCT,iTru5_06_E,CGGTCATA,PLUS_Urobiome_Validation_vaginal_plate5_14385,katharo5.Zymo.2F.5hundred,1
katharo5_Zymo_2G_50,katharo5.Zymo.2G.50,PLUS_Urobiome_Validation_vaginal_plate5_14385,N1,iTru7_203_11,GAAGGAAG,iTru5_07_E,CACTAGCT,PLUS_Urobiome_Validation_vaginal_plate5_14385,katharo5.Zymo.2G.50,1
katharo5_Zymo_2H_5,katharo5.Zymo.2H.5,PLUS_Urobiome_Validation_vaginal_plate5_14385,P1,iTru7_203_12,CAGTTCTG,iTru5_08_E,CTTCGTTC,PLUS_Urobiome_Validation_vaginal_plate5_14385,katharo5.Zymo.2H.5,1
K_None_20C_vaginalswab_1,K.None.20C.vaginalswab.1,PLUS_Urobiome_Validation_vaginal_plate5_14385,B2,iTru7_204_01,CAGGAGAT,iTru5_09_E,GTTAGACG,PLUS_Urobiome_Validation_vaginal_plate5_14385,K.None.20C.vaginalswab.1,1
K_None_20C_vaginalswab_2,K.None.20C.vaginalswab.2,PLUS_Urobiome_Validation_vaginal_plate5_14385,D2,iTru7_204_02,GTAGCATC,iTru5_10_E,CTCTGGTT,PLUS_Urobiome_Validation_vaginal_plate5_14385,K.None.20C.vaginalswab.2,1
K_AssayAssure_20C_vaginalswab_1,K.AssayAssure.20C.vaginalswab.1,PLUS_Urobiome_Validation_vaginal_plate5_14385,F2,iTru7_204_03,TCGTTCGT,iTru5_11_E,ATAAGGCG,PLUS_Urobiome_Validation_vaginal_plate5_14385,K.AssayAssure.20C.vaginalswab.1,1
K_AssayAssure_20C_vaginalswab_2,K.AssayAssure.20C.vaginalswab.2,PLUS_Urobiome_Validation_vaginal_plate5_14385,H2,iTru7_204_04,GGCAAGTT,iTru5_12_E,AGAACGAG,PLUS_Urobiome_Validation_vaginal_plate5_14385,K.AssayAssure.20C.vaginalswab.2,1
K_EtOH_20C_vaginalswab_1,K.EtOH.20C.vaginalswab.1,PLUS_Urobiome_Validation_vaginal_plate5_14385,J2,iTru7_204_05,ACCATGTG,iTru5_01_F,AGTCTCAC,PLUS_Urobiome_Validation_vaginal_plate5_14385,K.EtOH.20C.vaginalswab.1,1
K_EtOH_20C_vaginalswab_2,K.EtOH.20C.vaginalswab.2,PLUS_Urobiome_Validation_vaginal_plate5_14385,L2,iTru7_204_06,CAACGGAT,iTru5_02_F,AGCGTGTT,PLUS_Urobiome_Validation_vaginal_plate5_14385,K.EtOH.20C.vaginalswab.2,1
L_None_20C_vaginalswab_1,L.None.20C.vaginalswab.1,PLUS_Urobiome_Validation_vaginal_plate5_14385,N2,iTru7_204_07,CAATCGAC,iTru5_03_F,TCTCTAGG,PLUS_Urobiome_Validation_vaginal_plate5_14385,L.None.20C.vaginalswab.1,1
L_None_20C_vaginalswab_2,L.None.20C.vaginalswab.2,PLUS_Urobiome_Validation_vaginal_plate5_14385,P2,iTru7_204_08,GTGTTCCT,iTru5_04_F,ACCTGGAA,PLUS_Urobiome_Validation_vaginal_plate5_14385,L.None.20C.vaginalswab.2,1
M_EtOH_20C_vaginalswab_1,M.EtOH.20C.vaginalswab.1,PLUS_Urobiome_Validation_vaginal_plate5_14385,B3,iTru7_204_09,AGGAACCT,iTru5_05_F,AAGGCTGA,PLUS_Urobiome_Validation_vaginal_plate5_14385,M.EtOH.20C.vaginalswab.1,1
M_EtOH_20C_vaginalswab_2,M.EtOH.20C.vaginalswab.2,PLUS_Urobiome_Validation_vaginal_plate5_14385,D3,iTru7_204_10,ACCTTCTC,iTru5_06_F,AGTTGGCT,PLUS_Urobiome_Validation_vaginal_plate5_14385,M.EtOH.20C.vaginalswab.2,1
N_None_20C_vaginalswab_1,N.None.20C.vaginalswab.1,PLUS_Urobiome_Validation_vaginal_plate5_14385,F3,iTru7_204_11,CCGTAAGA,iTru5_07_F,TGAGCTAG,PLUS_Urobiome_Validation_vaginal_plate5_14385,N.None.20C.vaginalswab.1,1
N_None_20C_vaginalswab_2,N.None.20C.vaginalswab.2,PLUS_Urobiome_Validation_vaginal_plate5_14385,H3,iTru7_204_12,ATCGGTGT,iTru5_08_F,TCTCTTCC,PLUS_Urobiome_Validation_vaginal_plate5_14385,N.None.20C.vaginalswab.2,1
N_AssayAssure_20C_vaginalswab_1,N.AssayAssure.20C.vaginalswab.1,PLUS_Urobiome_Validation_vaginal_plate5_14385,J3,iTru7_205_01,AGCTCCTA,iTru5_09_F,CCAGTGTT,PLUS_Urobiome_Validation_vaginal_plate5_14385,N.AssayAssure.20C.vaginalswab.1,1
N_AssayAssure_20C_vaginalswab_2,N.AssayAssure.20C.vaginalswab.2,PLUS_Urobiome_Validation_vaginal_plate5_14385,L3,iTru7_205_02,CCTTGATC,iTru5_10_F,GCGATAGT,PLUS_Urobiome_Validation_vaginal_plate5_14385,N.AssayAssure.20C.vaginalswab.2,1
N_EtOH_20C_vaginalswab_1,N.EtOH.20C.vaginalswab.1,PLUS_Urobiome_Validation_vaginal_plate5_14385,N3,iTru7_205_03,CCATTCAC,iTru5_11_F,GCTGTTGT,PLUS_Urobiome_Validation_vaginal_plate5_14385,N.EtOH.20C.vaginalswab.1,1
N_EtOH_20C_vaginalswab_2,N.EtOH.20C.vaginalswab.2,PLUS_Urobiome_Validation_vaginal_plate5_14385,P3,iTru7_205_04,GGACAATC,iTru5_12_F,AAGCCACA,PLUS_Urobiome_Validation_vaginal_plate5_14385,N.EtOH.20C.vaginalswab.2,1
P_AssayAssure_20C_vaginalswab_1,P.AssayAssure.20C.vaginalswab.1,PLUS_Urobiome_Validation_vaginal_plate5_14385,B4,iTru7_205_05,AAGGCGTT,iTru5_01_G,CATGGAAC,PLUS_Urobiome_Validation_vaginal_plate5_14385,P.AssayAssure.20C.vaginalswab.1,1
P_AssayAssure_20C_vaginalswab_2,P.AssayAssure.20C.vaginalswab.2,PLUS_Urobiome_Validation_vaginal_plate5_14385,D4,iTru7_205_06,GCCATAAC,iTru5_02_G,ACCATCCA,PLUS_Urobiome_Validation_vaginal_plate5_14385,P.AssayAssure.20C.vaginalswab.2,1
P_EtOH_20C_vaginalswab_1,P.EtOH.20C.vaginalswab.1,PLUS_Urobiome_Validation_vaginal_plate5_14385,F4,iTru7_205_07,GAAGTTGG,iTru5_03_G,CGTTATGC,PLUS_Urobiome_Validation_vaginal_plate5_14385,P.EtOH.20C.vaginalswab.1,1
P_EtOH_20C_vaginalswab_2,P.EtOH.20C.vaginalswab.2,PLUS_Urobiome_Validation_vaginal_plate5_14385,H4,iTru7_205_08,AGCCAAGT,iTru5_04_G,AGGTTCGA,PLUS_Urobiome_Validation_vaginal_plate5_14385,P.EtOH.20C.vaginalswab.2,1
Q_None_20C_vaginalswab_1,Q.None.20C.vaginalswab.1,PLUS_Urobiome_Validation_vaginal_plate5_14385,J4,iTru7_205_09,TGACTGAC,iTru5_05_G,TGGCATGT,PLUS_Urobiome_Validation_vaginal_plate5_14385,Q.None.20C.vaginalswab.1,1
Q_None_20C_vaginalswab_2,Q.None.20C.vaginalswab.2,PLUS_Urobiome_Validation_vaginal_plate5_14385,L4,iTru7_205_10,CACCTGTT,iTru5_06_G,GCAAGATC,PLUS_Urobiome_Validation_vaginal_plate5_14385,Q.None.20C.vaginalswab.2,1
Q_AssayAssure_20C_vaginalswab_1,Q.AssayAssure.20C.vaginalswab.1,PLUS_Urobiome_Validation_vaginal_plate5_14385,N4,iTru7_205_11,ATCCGGTA,iTru5_07_G,CGCTTAAC,PLUS_Urobiome_Validation_vaginal_plate5_14385,Q.AssayAssure.20C.vaginalswab.1,1
Q_AssayAssure_20C_vaginalswab_2,Q.AssayAssure.20C.vaginalswab.2,PLUS_Urobiome_Validation_vaginal_plate5_14385,P4,iTru7_205_12,ATCTGTCC,iTru5_08_G,ACGATGAC,PLUS_Urobiome_Validation_vaginal_plate5_14385,Q.AssayAssure.20C.vaginalswab.2,1
S_None_20C_vaginalswab_1,S.None.20C.vaginalswab.1,PLUS_Urobiome_Validation_vaginal_plate5_14385,B5,iTru7_206_01,CCAAGACT,iTru5_09_G,GTGTCTGA,PLUS_Urobiome_Validation_vaginal_plate5_14385,S.None.20C.vaginalswab.1,1
S_None_20C_vaginalswab_2,S.None.20C.vaginalswab.2,PLUS_Urobiome_Validation_vaginal_plate5_14385,D5,iTru7_206_02,ATGGCGAA,iTru5_10_G,CTTAGGAC,PLUS_Urobiome_Validation_vaginal_plate5_14385,S.None.20C.vaginalswab.2,1
S_AssayAssure_20C_vaginalswab_1,S.AssayAssure.20C.vaginalswab.1,PLUS_Urobiome_Validation_vaginal_plate5_14385,F5,iTru7_206_03,GGTAGTGT,iTru5_11_G,CAAGGTCT,PLUS_Urobiome_Validation_vaginal_plate5_14385,S.AssayAssure.20C.vaginalswab.1,1
S_AssayAssure_20C_vaginalswab_2,S.AssayAssure.20C.vaginalswab.2,PLUS_Urobiome_Validation_vaginal_plate5_14385,H5,iTru7_206_04,TCGCTGTT,iTru5_12_G,GCATGTCT,PLUS_Urobiome_Validation_vaginal_plate5_14385,S.AssayAssure.20C.vaginalswab.2,1
S_EtOH_20C_vaginalswab_1,S.EtOH.20C.vaginalswab.1,PLUS_Urobiome_Validation_vaginal_plate5_14385,J5,iTru7_206_05,AACGTGGA,iTru5_01_H,CTCAGCTA,PLUS_Urobiome_Validation_vaginal_plate5_14385,S.EtOH.20C.vaginalswab.1,1
S_EtOH_20C_vaginalswab_2,S.EtOH.20C.vaginalswab.2,PLUS_Urobiome_Validation_vaginal_plate5_14385,L5,iTru7_206_06,AACGACGT,iTru5_02_H,GCTTCGAA,PLUS_Urobiome_Validation_vaginal_plate5_14385,S.EtOH.20C.vaginalswab.2,1
T_None_20C_vaginalswab_1,T.None.20C.vaginalswab.1,PLUS_Urobiome_Validation_vaginal_plate5_14385,N5,iTru7_206_07,AACAGGAC,iTru5_03_H,AAGCACTG,PLUS_Urobiome_Validation_vaginal_plate5_14385,T.None.20C.vaginalswab.1,1
T_None_20C_vaginalswab_2,T.None.20C.vaginalswab.2,PLUS_Urobiome_Validation_vaginal_plate5_14385,P5,iTru7_206_08,AAGCGCAT,iTru5_04_H,TGGCACTA,PLUS_Urobiome_Validation_vaginal_plate5_14385,T.None.20C.vaginalswab.2,1
BLANK_EtOH_20C_BLANK_1,BLANK.EtOH.20C.BLANK.1,PLUS_Urobiome_Validation_vaginal_plate5_14385,B6,iTru7_206_09,CACTGACA,iTru5_05_H,ACTCCATC,PLUS_Urobiome_Validation_vaginal_plate5_14385,BLANK.EtOH.20C.BLANK.1,1
BLANK_EtOH_20C_BLANK_2,BLANK.EtOH.20C.BLANK.2,PLUS_Urobiome_Validation_vaginal_plate5_14385,D6,iTru7_206_10,AGGTCACT,iTru5_06_H,TAACGAGG,PLUS_Urobiome_Validation_vaginal_plate5_14385,BLANK.EtOH.20C.BLANK.2,1
BLANK5_12C,BLANK5.12C,PLUS_Urobiome_Validation_vaginal_plate5_14385,F6,iTru7_206_11,GTCACTGT,iTru5_07_H,TCCAATCG,PLUS_Urobiome_Validation_vaginal_plate5_14385,BLANK5.12C,1
BLANK5_12D,BLANK5.12D,PLUS_Urobiome_Validation_vaginal_plate5_14385,H6,iTru7_206_12,ATGCCAAC,iTru5_08_H,TTCGTTGG,PLUS_Urobiome_Validation_vaginal_plate5_14385,BLANK5.12D,1
BLANK5_12E,BLANK5.12E,PLUS_Urobiome_Validation_vaginal_plate5_14385,J6,iTru7_207_01,CACGTTGT,iTru5_09_H,GTCCTTCT,PLUS_Urobiome_Validation_vaginal_plate5_14385,BLANK5.12E,1
BLANK5_12F,BLANK5.12F,PLUS_Urobiome_Validation_vaginal_plate5_14385,L6,iTru7_207_02,TATTCCGG,iTru5_10_H,AACGGTCA,PLUS_Urobiome_Validation_vaginal_plate5_14385,BLANK5.12F,1
BLANK5_12G,BLANK5.12G,PLUS_Urobiome_Validation_vaginal_plate5_14385,N6,iTru7_207_03,TGCTTCCA,iTru5_11_H,TCTAACGC,PLUS_Urobiome_Validation_vaginal_plate5_14385,BLANK5.12G,1
BLANK5_12H,BLANK5.12H,PLUS_Urobiome_Validation_vaginal_plate5_14385,P6,iTru7_207_04,GTCTAGGT,iTru5_12_H,CTCCTAGA,PLUS_Urobiome_Validation_vaginal_plate5_14385,BLANK5.12H,1
,,,,,,,,,,
[Bioinformatics],,,,,,,,,,
Sample_Project,QiitaID,BarcodesAreRC,ForwardAdapter,ReverseAdapter,HumanFiltering,library_construction_protocol,experiment_design_description,,,
PLUS_Urobiome_Validation_vaginal_plate5_14385,14385,TRUE,GATCGGAAGAGCACACGTCTGAACTCCAGTCAC,GATCGGAAGAGCGTCGTGTAGGGAAAGGAGTGT,TRUE,Knight Lab Kapa HyperPlus,mixed plate,,,
,,,,,,,,,,
[Contact],,,,,,,,,,
Sample_Project,Email,,,,,,,,,
PLUS_Urobiome_Validation_vaginal_plate5_14385,htubb@ucsd.edu,,,,,,,,,
,,,,,,,,,,
